link,name
https://www.instagram.com/taramilktea/,taramilktea
https://www.instagram.com/gypsea_lust/,gypsea_lust
https://www.instagram.com/travel_inhershoes/,travel_inhershoes
https://www.instagram.com/chelseakauai/,chelseakauai
https://www.instagram.com/hilvees/,hilvees
https://www.instagram.com/jess.wandering/,jess.wandering
https://www.instagram.com/samkolder/,samkolder
https://www.instagram.com/wonguy974/,wonguy974
https://www.instagram.com/noel.alva/,noel.alva
https://www.instagram.com/leahliyah/,leahliyah
https://www.instagram.com/helloemilie/,helloemilie
https://www.instagram.com/jasoncharleshill/,jasoncharleshill
https://www.instagram.com/irinahp/,irinahp
https://www.instagram.com/foodwithmichel/,foodwithmichel
https://www.instagram.com/oliviavlopez/,oliviavlopez
https://www.instagram.com/travelgram_korea/,travelgram_korea
https://www.instagram.com/weylie/,weylie
https://www.instagram.com/kerenswan/,kerenswan
https://www.instagram.com/nyceeeeeats/,nyceeeeeats
https://www.instagram.com/hobopeeba/,hobopeeba
https://www.instagram.com/cabinfeed/,cabinfeed
https://www.instagram.com/kalenemsley/,kalenemsley
https://www.instagram.com/saltyluxe/,saltyluxe
https://www.instagram.com/kohki/,kohki
https://www.instagram.com/storyofsage/,storyofsage
https://www.instagram.com/st_ella/,st_ella
https://www.instagram.com/amebeverly/,amebeverly
https://www.instagram.com/hilvees/,hilvees
https://www.instagram.com/doyoutravel/,doyoutravel
https://www.instagram.com/bemorephotos/,bemorephotos
https://www.instagram.com/alexiistherese/,alexiistherese
https://www.instagram.com/ryanresatka/,ryanresatka
https://www.instagram.com/followtiffsjourney/,followtiffsjourney
https://www.instagram.com/jnasa/,jnasa
https://www.instagram.com/jlinhh/,jlinhh
https://www.instagram.com/nealkumar/,nealkumar